,10,20,21,22,23,25,30,31,32,35,40,41,42,43,45,50,52,53,54,55,56,57,60,61,62,63,64,66,67,70,71,72,73,74,81,80,82,83,86,90,91,92,312,395,404,518,613,991,992,993,994,995,996,997,
10,0,32.53529864901742,29.73052899190207,29.500256157015837,22.540176521651457,30.408756945241397,60.431228964997764,53.131308578963065,47.23980442106184,39.38142212024754,69.21885853268836,42.665995917755176,27.92486271531431,49.268420145820215,28.624959143119277,68.08855853050206,51.90049198467496,33.816839383561586,32.0794249158331,24.65440314211848,27.060959954134084,60.5654113482107,67.45920870603125,45.54412326832778,42.506089763763235,31.7094479163944,34.40551705326896,37.51932052269872,60.86503232079113,96.67564123926252,25.571844789915087,5.396112173552705,52.432183480034176,15.67123953518859,34.98077624783666,79.51597521440047,17.16563839994393,45.975148267507016,55.62846403323248,20.61811760904354,34.23415610504724,43.242261714883355,71.83102544330718,36.08080653076985,77.72106114937411,87.01094792911006,57.43361484435288,43.21881924816992,43.99051381257942,40.51718835311605,32.91512865479766,30.530308217062544,33.07211295873459,47.524926474024426,
20,32.53529864901742,0,11.915692696479834,18.61228025015446,20.709836904531535,24.797215143734356,55.203224110872895,43.79591999714155,38.77840268966715,22.628173908764087,77.73267329807358,58.91091015811329,50.971344079386554,66.01453069504423,54.02427136605727,73.36685666108647,68.2979126181509,54.32079489761774,45.407550332651375,42.18753778821913,50.86625749916616,73.53208356920862,62.740456460694325,48.160022981084374,45.947618298404386,33.9981872228492,42.33364381202257,46.89130550265729,71.00620733430758,70.75158258358123,31.092000495480896,30.450377135207276,48.986040353440515,28.90893322076324,17.674688312906635,62.7923221911795,19.599512706012554,26.920340609245958,73.30980302889718,29.297600752454898,14.445967146343083,23.84423448688113,65.67599342327767,13.489918133881574,83.62162597868159,83.17196240392201,56.04014749556409,56.654892043139284,32.80571273669302,25.36050535928726,1.7864159875687635,26.67187242738318,45.95743027337812,66.31375064205746,
21,29.73052899190207,11.915692696479848,0,6.572194470531417,11.919347115027518,12.596220559939372,64.26334120033536,54.1865790052649,49.94155738830479,34.33271180166418,86.0740511618162,67.79811535566807,56.39849814384058,73.32753986413002,60.42596289657081,79.65968897539175,75.26011280817569,65.34264152303899,42.230124789769654,35.85136461261092,59.78604461295896,80.73036269768583,64.52479060023938,45.370898299220286,40.617868402349714,24.304804022136842,33.0067999098671,45.76432219547249,77.24912868574296,82.06344418322867,32.790513190000944,28.566527478003575,53.00472060939982,29.12731729391274,24.10274419780065,74.52970467924848,17.432194547581066,36.89745310786051,81.50261479478459,30.422041797667895,13.751183070321577,30.697554322950253,74.86755532218797,25.251566859292765,94.35265714518825,95.83811170615502,56.02441217859398,66.20448180156416,44.44464433639165,37.04845057035242,13.669967646255673,14.403390493553553,34.01894754300779,73.04366593465393,
22,29.500256157015837,18.612280250154498,6.572194470531364,0,10.261618318283618,6.028215307898999,70.03213567443407,60.6652290383165,56.88853149296714,41.367643744745145,91.103879734142,73.86927935071778,60.66005200176348,78.46649301949589,65.32078901693059,83.30816427376536,80.25004813227538,67.8827381289025,41.77350276104973,33.74689496877443,61.88789742926071,85.70600168204882,65.77813173352256,45.222231513716984,39.327317546209315,20.68191488197,29.457521702476548,46.28141264222409,81.52016729726827,89.63757481658463,34.85254878613249,28.927704012705764,55.65043247603313,30.580753330799094,29.091944087246524,79.00452403027322,19.245356908290933,43.028421271106026,87.30759267681799,32.28070294900497,17.200481324410042,35.54360627536322,79.60598724369508,32.160552867802146,99.48003365870711,102.62867766651549,56.97244299814432,72.67791126279893,51.587736425931126,44.116260660467724,20.39705993798325,7.807938356952464,28.523931670938595,78.00222198855056,
23,22.540176521651457,20.709836904531528,11.919347115027495,10.261618318283613,0,12.589268363210143,65.98059530906738,57.23345273372297,52.89820759775151,39.25838030384163,84.65157281792898,64.72565029472955,51.8586877556812,70.8149992586158,55.42668014136059,79.11538070297887,72.82816999214398,59.06380188337333,36.84672014963491,27.53318017963503,53.148115844946176,78.93942607450973,64.52536122288761,42.78489083006092,37.63504874044109,19.891358038571383,27.68368609260894,42.02163965413394,76.00625743425877,92.45093159401883,30.719272968168944,22.26400418018022,53.98447704534191,25.181759320155034,27.53415961672476,78.19312107156202,11.703156395073112,42.218771190392324,78.71094120088308,27.55447497535784,19.496351575648706,35.498546003722176,76.04096255532717,31.45884068679935,93.28684196512184,98.60330037835068,55.12656426969544,63.79833019946254,48.19941575201531,41.636273639774885,22.04682126882405,13.328602574209269,27.094544485875037,70.14527590865254,
25,30.408756945241397,24.797215143734345,12.59622055993936,6.028215307898958,12.589268363210133,0,76.0294388295615,67.24089328899663,63.89975393381213,48.21660413072514,96.45434695922364,80.419958589949,65.4850605502324,84.03568555844838,70.82086501494027,87.21555331947603,85.71544359668034,70.95550100493203,42.617801678879495,33.35610842526827,64.60318638187563,91.0911725245597,67.67993948669945,46.37975692706758,39.68194513922617,19.615154312090688,28.003490780225853,47.83683237904475,86.13796515274461,97.14138802778832,37.6508317886549,30.402275206246877,58.57829730071303,32.94513713163959,34.38395912105925,82.33340215818131,22.74617226931123,49.08800971363767,93.65381374884895,34.94660884760062,21.83378276105996,40.60551332301787,84.55524150167066,38.743266654866154,104.66434838600141,107.63156310879255,58.774716759778514,79.62841706946082,58.695388952347564,51.039506361620376,26.632431459681154,1.8345115326679062,24.789757054361765,83.48882136123153,
30,60.431228964997764,55.20322411087292,64.26334120033535,70.03213567443409,65.9805953090674,76.02943882956154,0,11.477269009009872,18.8539535955793,35.542915557779374,29.24550438902508,27.862330974776484,47.5671305801976,37.92198217017762,47.959224777749554,37.05739589719817,41.60095023768945,58.485018907070724,68.99553101076886,75.98288026701266,62.58784355954584,38.99576276406841,52.352739913425,65.33186142840943,72.49009654899142,75.986391891921,82.46014027673716,60.37537365081593,39.003115898420084,32.974540292871595,40.803325156404284,56.43612108594488,26.11418125441454,48.75982339131353,37.67225420246776,23.055004871885306,55.45592713755821,26.654714485067334,40.01951702543774,44.80517723284958,54.96690192744277,33.146917419815274,10.188432363571373,44.09229868655024,35.72385311862171,37.517529132532964,56.999774652056225,26.034129533067368,26.350224941742017,32.96306759145201,53.780244273622266,77.73363601723021,92.91469516687671,43.98706557304962,
31,53.131308578963065,43.79591999714157,54.18657900526493,60.66522903831646,57.23345273372295,67.24089328899663,11.477269009009893,0,8.555861630828195,24.166307162943426,38.32657529555665,30.539206499782406,43.946166228047,42.4715354120279,44.08371209361976,43.41747452307671,46.01104433743565,56.43234278008588,64.43415160008884,70.08727153746061,58.37693799306276,45.121437239004145,54.17391239235952,64.09235559723034,70.45722216310388,69.76466545968647,77.4861680136364,58.107285889911324,44.69667331527822,39.45033092580833,36.72554568364146,49.138252053461464,29.018196237624647,41.76056657687924,30.452738373236464,28.33563620927114,46.77514561636739,17.751688042126492,45.549954200634986,38.63009568991236,46.48748802652743,26.900551227260745,20.902179756348136,31.96448341811741,44.44271843715692,46.092359295159056,57.57295186736418,27.07408536256561,15.556003544568691,21.834814662658413,42.20025821192206,69.13614058108475,87.37937042714064,47.30877977830905,
32,47.23980442106184,38.77840268966714,49.94155738830481,56.888531492967175,52.898207597751515,63.89975393381213,18.853953595579306,8.555861630828195,0,17.005045461794797,43.08151272019539,29.530778180972074,39.93686079374982,43.99085594784838,39.48494578495828,47.8354362193181,47.855999354812944,54.977994088859404,63.32448093620396,67.85910614596689,55.78303951979947,48.35258837525444,58.812649571054806,66.31681761378368,72.27765980613925,68.70217238000684,77.50761372026582,58.09735823756241,48.174571251571216,46.010332786443364,33.85784589393871,43.46494192443407,33.020604144341384,36.92129261880569,27.629413829056986,35.545910380303454,41.62126043874506,17.005513396292038,47.74303847379227,34.538898137747296,43.95427316357416,27.10129081596067,28.45889079355701,25.7398641794801,49.31899616727295,51.47752467240743,61.21100937174373,25.090523683090282,7.549932427741674,14.415300881926976,37.038636941473186,65.9031701592868,86.90847256827696,48.19208314684353,
35,39.38142212024754,22.628173908764094,34.33271180166416,41.367643744745216,39.258380303841676,48.21660413072508,35.542915557779395,24.166307162943422,17.005045461794754,0,57.217596369723694,40.681448505652604,41.84155656024715,52.600427372666644,42.48947573923263,57.81466586976327,55.897226432890044,53.03729416476496,54.9371196625895,56.661053943729875,51.924347245640384,58.98081038210604,59.08044316912248,58.6612091627249,61.71538713159721,55.18636670867783,63.7833624068211,52.47968006080828,57.78217018170407,56.06585436035292,30.980095715095473,36.17638776625959,40.6204692561994,31.525412926690628,18.515677860443855,45.606336883791776,30.56386029262988,13.880051825280788,58.12540737550076,30.347596090057685,30.853481455914565,21.299813545456697,43.75480178199422,9.118168537809368,62.80270876919475,64.03125409741692,58.94961339568032,37.02806173361247,10.17627599282263,2.7278371113319344,20.830811386086,50.21319479490039,71.05037516393067,54.72038609442854,
40,69.21885853268836,77.73267329807358,86.07405116181623,91.10387973414196,84.65157281792898,96.45434695922364,29.245504389025058,38.32657529555665,43.08151272019539,57.21759636972367,0,29.558903120953342,49.45338679753452,21.3591225935017,53.15907924068271,18.048491675210627,25.957905091356718,52.551107482501074,59.31288645404794,71.31289019705713,59.86240507195255,19.16611164146726,40.51572750527756,49.53667685618218,56.56439586284641,92.56478686638647,94.73610374344746,49.0457452587923,20.70595850536727,29.240933270927297,44.059185144862575,65.521707782331,26.62285834514124,57.00546364157337,56.09832513459791,33.861771304486645,71.91023557583304,50.39342336368559,21.884184963722483,50.62644755732488,74.22380160555112,53.96673815467307,24.119213251658426,65.27318672299613,9.587110675509459,14.270363004778359,41.692307468818704,33.710475895482844,49.395700787366906,54.99001336520889,76.18361899770863,97.88129217268792,106.95547690852943,30.761779578763097,
41,42.665995917755176,58.910910158113296,67.79811535566807,73.8692793507178,64.72565029472955,80.41995858994905,27.86233097477646,30.539206499782413,29.530778180972074,40.681448505652604,29.55890312095334,0,22.224047831394234,27.25185784693052,20.4018074584209,40.3577222380025,34.356537682020935,51.89197184445621,57.113404485397176,53.78899620788387,51.5977433742471,35.5654037716408,66.91657142706919,75.48829289609492,83.26594508984755,81.63571532388761,88.97453742347871,53.36508013946388,38.35019593957157,47.85974639434784,31.45142122334846,38.89866435724647,33.17094119331183,32.58944416857239,44.06393334758254,44.665025272315134,48.46581830197597,41.855173545489976,31.3207804136295,31.093578933364046,62.503252894217184,47.28722077216136,31.97874812152829,47.710876712888606,36.85431315299517,42.10376652764331,69.29924846512296,6.965772080596191,34.10408266233894,38.74689423423166,57.399297965314716,82.10579576988704,98.73993202257111,34.31959059904796,
42,27.92486271531431,50.971344079386554,56.39849814384058,60.66005200176348,51.85868775568119,65.48506055023243,47.5671305801976,43.94616622804698,39.936860793749844,41.84155656024715,49.45338679753452,22.224047831394238,0,29.807967227765197,7.961864818294253,51.94994445498397,35.76973330413517,36.465909473291326,41.7406761223604,40.0815496139499,32.562626651547326,43.855192352576374,61.08020437564743,47.429459434345205,48.7777631824374,66.11427281890633,70.76437197741473,41.35381161416757,45.71347747094211,64.70243910251389,24.4497726616115,25.03115787397392,43.66461790522136,22.171441535736786,41.35721584679804,61.57994860692448,37.41058440980501,45.82556751925459,37.42170079391078,23.43077565313103,54.19014648737722,47.51456310708881,54.908433814394044,44.746374395083656,54.728696662650954,58.18730631503807,53.81631772315032,25.845153879201266,40.506590475541785,41.260119044874344,50.0516883986358,66.68601303407374,77.28649777209442,32.4324727167374,
43,49.268420145820215,66.01453069504427,73.32753986413002,78.46649301949589,70.8149992586158,84.03568555844838,37.92198217017762,42.4715354120279,43.99085594784841,52.600427372666644,21.3591225935017,27.251857846930474,29.807967227765207,0,34.136087820323475,19.19250533352757,8.657933453657996,29.18557361247186,43.20735408230609,52.24789801385453,32.38078719750307,11.430318618725936,46.24711202482356,45.99394987996343,53.935226542672034,67.00859029733158,62.58023803284875,36.72297793896215,13.9631963412557,40.94538227183436,33.040470091856825,45.24970881135719,28.67416197805354,37.94420427715548,51.101110926540315,43.94498111288308,56.06745481733865,50.05907861324862,8.80522647108572,35.690332122529334,66.91382070376062,52.45732746782277,37.15292931552185,57.579988494072396,21.824287553078825,26.0625285052434,42.76631486053152,32.372248211262836,47.94708277218884,51.24802287708633,64.83324659663161,85.50661388906383,70.31579572596242,10.908929652493207,
45,28.624959143119277,54.02427136605727,60.42596289657081,65.32078901693059,55.4266801413606,70.82086501494027,47.959224777749554,44.083712093619766,39.48494578495826,42.48947573923265,53.15907924068271,20.401807458420894,7.961864818294226,34.136087820323475,0,57.94776719872949,40.42643335975917,44.71220485113489,48.93411442770224,44.30386690907548,40.79148145407745,47.94009870551128,76.49755550547388,52.58705617484023,77.36792125531751,73.21447945329908,79.53083872381141,48.30363257203274,50.555755565961455,70.03056521477198,29.95769738949139,26.334065494282296,47.028690963773485,24.75061446563889,44.26017229878198,66.7997517191007,39.77401623138393,47.720136624846546,40.747158710142465,26.476536394881947,58.75590772088653,50.78302308815341,58.00371895443487,46.35087442750745,60.15357079270863,64.25069507984104,57.91871020336247,22.951240155437365,40.29521961843939,41.64798918762438,52.91869610713582,72.1764248255098,86.47658942746541,37.28826584907851,
50,68.08855853050206,73.36685666108646,79.65968897539175,83.30816427376536,79.11538070297888,87.21555331947603,37.0573958971982,43.417474523076706,47.835436219318076,57.81466586976327,18.048491675210652,40.357722238002516,51.94994445498397,19.192505333527585,57.94776719872949,0,17.934392902609282,40.85472610611611,51.7697348388619,67.28773858668916,51.64414321953365,10.95095440578284,37.162901367706844,44.24997403098404,53.91853989930688,76.1356680706811,70.18152161296489,40.785046301548526,7.478975643600243,25.284670330255643,42.00368312095845,64.31931751010977,22.496444011954523,55.451006672202176,53.00024448884512,32.643557741502725,69.2331636177039,49.5712593376121,19.210739255256197,48.466021832749725,66.85881658570109,49.94003695240032,32.08268754592314,63.73354278884772,13.573909804813228,11.435644249907824,36.12930852267408,44.44468768348829,52.46077870320931,56.24630896858138,72.17200524531498,88.30877111163942,81.27042388027157,23.237544459561814,
52,51.90049198467496,68.29791261815089,75.2601128081756,80.25004813227538,72.82816999214398,85.71544359668034,41.60095023768944,46.011044337435614,47.855999354812944,55.89722643289006,25.957905091356743,34.35653768202094,35.76973330413519,8.657933453657966,40.42643335975919,17.934392902609293,0,25.62028256825895,43.62064616684024,53.87322707111052,30.816351428707385,8.977278386465189,47.36121883181358,47.2712982434206,56.56126106372614,71.84894184812634,66.365430250219,36.72151955912626,10.78804461347966,40.74573817257015,35.661260262261955,47.936806790170294,29.69719867622364,40.68350597180621,53.37050035602618,44.95327248073284,58.50083958951554,52.571654137370906,8.498614885991204,38.34000817027924,68.62575378632481,54.28468671909087,40.25202924900402,60.452429563105966,23.576571738088056,26.430397515572462,43.397656399595654,38.81416743116859,51.62877004298936,54.66035191277824,67.18683941661237,87.16996883848215,74.51944176632963,5.919835567345775,
53,33.816839383561586,54.32079489761774,65.34264152303899,67.88273812890252,59.06380188337333,70.95550100493202,58.485018907070746,56.432342780085904,54.97799408885943,53.03729416476493,52.55110748250109,51.89197184445627,36.46590947329133,29.185573612471906,44.71220485113493,40.85472610611611,25.620282568258958,0,26.711952195840304,35.932799652251106,8.087386891746716,35.70374965807323,54.21279994885235,43.31455698894778,51.61755635350702,61.74983078615608,57.23610205363707,24.34772732198024,35.29003379148165,54.87078953590872,24.713156014264605,30.271528227890478,37.88548171106963,25.143133573627868,45.185231132840386,57.09832139943534,46.31226085176623,52.32233668878852,32.740808293975306,24.623947205370296,60.93113335306912,49.269435615323815,59.71170140667697,52.82012114312333,50.214467640013105,51.13205909004034,46.86260599014395,55.196455683883705,54.559977236337865,53.31035060553422,54.00630389644624,71.57185385279003,63.579201830798084,20.00471873835032,
54,32.0794249158331,45.40755033265138,42.23012478976964,41.773502761049706,36.84672014963491,42.61780167887949,68.99553101076886,64.43415160008884,63.32448093620396,54.93711966258952,59.31288645404795,57.113404485397176,41.74067612236039,43.207354082306104,48.934114427702234,51.76973483886189,43.620646166840245,26.711952195840315,0,14.960441552945563,25.021420916601866,50.559847908712534,44.43502730402749,22.76897051332915,24.903466639255633,30.483943252060207,26.659693858202974,9.363367432437734,49.15841796297727,58.3396893826855,23.022511645786917,28.776717239721126,40.54353811578421,24.44000157783825,38.7660250443106,59.79327174956445,32.842048079808876,51.90112386420568,47.872198515921845,23.5728676331559,37.45780035279741,42.978672198915355,70.08945641541811,50.406135394692484,60.19327871753801,61.26299703376313,35.56443668472307,65.049559581362,60.84130182267196,56.44326390414098,45.9415734834604,42.803315252729796,33.53400635104976,40.68481381780951,
55,24.65440314211848,42.18753778821913,35.8513646126109,33.74689496877443,27.533180179634996,33.35610842526827,75.98288026701263,70.08727153746061,67.85910614596688,56.66105394372987,71.31289019705713,53.78899620788387,40.08154961394992,52.24789801385454,44.30386690907548,67.28773858668916,53.87322707111052,35.932799652251106,14.96044155294556,0,31.053156871060274,61.560884661580296,58.73240654610792,31.177067122567646,28.843489311338132,23.92444641438231,21.994278798441524,23.623029135074106,60.93683011851657,80.85721244814994,27.618543424696572,23.286751727886372,50.53425285239546,24.06314423145019,40.15129174518472,79.27597365310645,26.895162420431202,55.72648612504404,57.839587365048445,25.7534437500366,35.38409999773291,46.423607962444606,82.50526595712527,50.27739272664702,78.43899308298015,83.30284057257981,45.92692714679151,76.17274060057463,64.36728985189126,58.67821425767253,43.150938599034845,33.133009331957886,24.172118624926487,50.346770184508095,
56,27.060959954134084,50.86625749916616,59.78604461295896,61.88789742926071,53.148115844946176,64.60318638187562,62.5878435595458,58.376937993062775,55.78303951979947,51.924347245640384,59.86240507195255,51.59774337424713,32.56262665154735,32.380787197503075,40.79148145407746,51.644143219533646,30.816351428707385,8.087386891746716,25.021420916601894,31.053156871060285,0,42.317673980930394,61.56409150514552,44.288026867409364,50.727808366313575,57.21691594733053,53.674880544712224,25.49353933904983,43.18420020083001,64.94271893067129,24.030561036839092,24.13148469761384,43.496367909124004,21.30479104439517,44.17747728376905,66.02792514392766,41.17842172881881,52.90397965956429,36.71759854632781,22.349990589996022,57.06465077199813,49.54444130688138,67.62677905214484,50.75055788413983,59.51169381767787,61.133476702952876,51.021765638478385,55.174910655145396,54.49490295612084,52.481970081715644,50.73148237550733,65.13153158718362,58.59315141128286,24.842032835479376,
57,60.5654113482107,73.53208356920865,80.73036269768583,85.70600168204882,78.93942607450973,91.0911725245597,38.995762764068424,45.121437239004145,48.35258837525447,58.98081038210605,19.166111641467225,35.565403771640796,43.85519235257637,11.430318618725961,47.940098705511296,10.95095440578284,8.97727838646517,35.70374965807323,50.55984790871252,61.560884661580296,42.317673980930415,0,44.72829715907888,48.36686650217648,57.871687091694284,75.85833073496283,70.67104976048198,40.99981591401745,5.087685819192743,35.05802238969222,41.29340815185817,56.62213740935517,28.158678870699255,49.09923020246808,56.323672935755646,40.8701984203704,65.38420832881337,53.32732741201394,8.957590885801105,45.88952601837004,72.73645696168796,55.406562760699146,35.90858679812882,64.93373733900772,15.059560049523773,17.80968973271261,42.2851994178171,40.04817035287172,53.12207266950568,57.276729533069854,72.37825641609628,92.5387308210759,79.33345426817168,14.842491119014518,
60,67.45920870603125,62.74045646069432,64.52479060023938,65.77813173352256,64.5253612228876,67.67993948669945,52.352739913425,54.17391239235949,58.812649571054806,59.08044316912246,40.51572750527756,66.91657142706919,61.08020437564743,46.24711202482356,76.49755550547388,37.16290136770686,47.36121883181358,54.21279994885236,44.43502730402749,58.73240654610792,61.564091505145534,44.72829715907888,0,21.133871916172087,28.431664515444613,54.43037884178367,49.60575943307939,33.972081159475394,41.646313365048506,24.282658716724885,39.84878410386416,63.65421034277545,21.248871871639174,54.79615938760715,42.74972661375823,31.52398829275251,61.42439017861427,45.98774448549565,48.39187370757853,47.279772888922864,48.007062187323136,36.90293641373646,48.060202797218366,59.6383215843421,43.30078178626722,41.5301417387482,8.898602684251735,69.28033225523856,60.20740620080918,59.225581460532446,62.330665344816765,68.27592952234303,62.7947375964334,49.83915360416035,
61,45.54412326832778,48.160022981084374,45.370898299220265,45.222231513716984,42.78489083006093,46.37975692706757,65.33186142840943,64.09235559723032,66.31681761378366,58.661209162724866,49.53667685618218,75.48829289609492,47.429459434345205,45.99394987996343,52.58705617484023,44.249974030984056,47.2712982434206,43.31455698894778,22.76897051332916,31.177067122567646,44.28802686740936,48.366866502176485,21.133871916172087,0,10.148941482493882,29.8239402582304,24.941204592799973,19.0944628209541,45.69872080816969,40.98977995639818,26.926296754813272,41.41542922707153,27.04017679950801,33.958846387610386,37.04767625240965,44.45695531847125,40.13830567846875,49.512979871477256,49.86813910010712,30.512286085237182,35.15471402670366,36.860956776884684,62.772313675443506,53.66046984083902,52.30065142916685,52.00164271265288,13.43669515334049,78.56864594379024,64.91530020031902,60.28969058444988,48.72897101549435,46.750835405744404,36.6115501872118,47.43213201297119,
62,42.506089763763235,45.9476182984044,40.617868402349735,39.327317546209294,37.63504874044108,39.68194513922619,72.49009654899143,70.45722216310386,72.27765980613921,61.71538713159718,56.56439586284641,83.26594508984755,48.7777631824374,53.93522654267202,77.36792125531751,53.91853989930688,56.56126106372613,51.61755635350703,24.903466639255626,28.84348931133814,50.727808366313575,57.8716870916943,28.431664515444613,10.148941482493875,0,21.60811101972159,16.09438704527687,24.842426001576076,55.57558399603887,47.05300349371602,27.03155289124906,38.67480719465874,32.289466376546585,32.20032497345323,37.02568667247955,50.08485397391398,37.04706172215341,52.70930954042242,58.652220198384704,29.482568431860376,31.190992848826497,38.060884673595616,70.15792462367705,54.64995292407354,60.85276317007451,60.93178626890034,22.334681403686847,86.05892838389904,70.02531210694617,63.92345461082027,46.9350265149113,39.86677144461621,28.208634849175382,56.3475415706646,
63,31.7094479163944,33.9981872228492,24.304804022136857,20.681914881970037,19.891358038571397,19.61515431209065,75.98639189192097,69.76466545968643,68.70217238000683,55.18636670867785,92.56478686638647,81.6357153238876,66.11427281890633,67.00859029733158,73.21447945329908,76.1356680706811,71.84894184812634,61.749830786156096,30.4839432520602,23.924446414382306,57.21691594733053,75.85833073496285,54.43037884178367,29.82394025823039,21.60811101972159,0,9.197991260939817,35.294032311793444,74.62368045924332,69.9020478563621,29.068793640887865,29.522268466314273,48.183226528781745,27.837502449409804,33.18905271585629,68.18543554712002,24.679605690315547,50.954825307232625,73.6225015397669,28.055343247671164,21.485381325812558,38.088837158049714,80.40559302215637,46.37419304681362,98.48065909640451,83.58300262297726,44.58466942450303,82.56946638440509,64.99585726248655,57.83065925149834,35.55369889167643,19.507248599383107,13.955375990249907,70.48040793925912,
64,34.40551705326896,42.333643812022515,33.00679990986709,29.457521702476555,27.683686092608912,28.003490780225803,82.46014027673716,77.48616801363637,77.50761372026582,63.78336240682105,94.73610374344746,88.97453742347872,70.76437197741474,62.58023803284875,79.53083872381141,70.18152161296489,66.365430250219,57.23610205363707,26.659693858203013,21.99427879844151,53.67488054471221,70.67104976048198,49.60575943307939,24.941204592799984,16.09438704527687,9.197991260939785,0,31.53237469152454,69.38150676128448,65.27703456324359,29.2074772333575,31.875399747348066,46.52260219428446,29.19372244473294,38.853822917589675,66.39988084842422,30.637875919241615,57.53191026001425,68.71997322887066,28.887672748129642,28.55866731835119,42.95854538874643,83.27007931465253,54.69303166624614,76.4049057810981,77.23606696324858,40.83379729065232,91.3728930116677,74.02335714146969,66.53821408461911,43.85434219540323,27.672988299210253,12.694683339087169,64.88771796454678,
66,37.51932052269872,46.89130550265728,45.76432219547249,46.281412642224076,42.02163965413394,47.83683237904475,60.37537365081593,58.10728588991132,58.09735823756241,52.47968006080828,49.0457452587923,53.3650801394639,41.353811614167576,36.72297793896216,48.30363257203274,40.78504630154852,36.72151955912626,24.347727321980255,9.36336743243773,23.623029135074095,25.49353933904983,40.999815914017454,33.97208115947538,19.09446282095407,24.842426001576072,35.29403231179346,31.532374691524563,0,39.05437230812588,47.77334988938092,22.063583068499973,33.53367183251867,31.362905400435807,26.913915142005973,37.54324923347,50.359351380548844,36.82151260358982,48.039572545592925,40.28380858780183,24.465052677472396,38.7337491231157,39.95711662929218,60.34865273758996,49.546783497919634,49.35296966995963,50.446589738229044,26.058089338029426,61.76548988200304,56.66416493310236,53.515435795392676,47.12113817204849,48.249927076016625,40.17314806618892,34.87003892010463,
67,60.86503232079113,71.00620733430752,77.24912868574296,81.52016729726827,76.00625743425877,86.13796515274458,39.003115898420056,44.696673315278204,48.1745712515712,57.78217018170408,20.70595850536724,38.35019593957157,45.71347747094213,13.963196341255687,50.555755565961455,7.478975643600236,10.78804461347966,35.290033791481676,49.15841796297726,60.93683011851657,43.184200200830006,5.08768581919274,41.64631336504852,45.69872080816969,55.57558399603888,74.62368045924332,69.3815067612845,39.05437230812588,0,31.695296192929483,40.0452965494559,56.86079670113449,25.020304710707695,49.115805429790534,53.7514430271185,37.95780281823339,64.11234483434723,51.149102100560455,13.549234845213615,45.21638527059082,68.48908511812975,52.108534016082764,35.462740936026115,63.30489112680668,16.468623019776107,16.970933558140633,39.132734013714455,42.65120954660582,52.56187103943252,56.24296875228126,70.00867515910933,87.40245656322688,78.22455307482471,16.274538865645553,
70,96.67564123926252,70.75158258358123,82.06344418322867,89.63757481658463,92.45093159401883,97.14138802778832,32.974540292871595,39.45033092580833,46.010332786443364,56.06585436035292,29.240933270927297,47.85974639434784,64.70243910251389,40.94538227183436,70.03056521477198,25.284670330255643,40.74573817257015,54.87078953590872,58.3396893826855,80.85721244814994,64.94271893067129,35.05802238969222,24.282658716724885,40.98977995639818,47.05300349371602,69.9020478563621,65.27703456324359,47.77334988938092,31.695296192929483,0,47.88499001246575,85.85274302658773,21.62687627698269,63.23611014338754,49.61620573458688,17.362785784818115,78.79989315207833,43.75369599589113,41.31394706063333,54.931446413523624,58.96716639958791,42.234781463975935,27.04946133771115,61.376550471222565,29.37607298895297,25.282300985122788,30.426980551907107,49.55120872898737,50.88558856795613,54.60394695429277,69.37429837832128,99.19243770269745,87.04434609434637,44.93219464353551,
71,25.571844789915087,31.092000495480896,32.790513190000944,34.85254878613249,30.71927296816894,37.6508317886549,40.803325156404284,36.72554568364146,33.85784589393871,30.980095715095477,44.059185144862575,31.45142122334846,24.4497726616115,33.040470091856825,29.95769738949139,42.00368312095845,35.661260262261955,24.713156014264605,23.022511645786917,27.618543424696572,24.030561036839096,41.293408151858166,39.84878410386416,26.926296754813272,27.03155289124906,29.068793640887865,29.2074772333575,22.063583068499977,40.0452965494559,47.88499001246575,0,20.355109445202128,28.03991333346474,10.23445705637856,21.788636752650604,44.752084262782375,22.33536552204352,30.55628191100932,39.44069562936124,5.237342903872151,26.204489162643796,26.341835497843874,45.482849216179204,30.30253349037734,48.65031846038467,50.578248457062365,35.11034281359467,32.86522740563186,33.02869763859313,31.389374998739868,30.871943701830272,38.425813350299606,36.527049254604776,33.155692059638994,
72,5.396112173552705,30.450377135207276,28.566527478003575,28.927704012705764,22.26400418018022,30.402275206246877,56.43612108594488,49.138252053461464,43.46494192443407,36.17638776625959,65.521707782331,38.89866435724647,25.03115787397392,45.24970881135719,26.334065494282296,64.31931751010977,47.936806790170294,30.271528227890478,28.776717239721126,23.286751727886372,24.131484697613836,56.62213740935517,63.65421034277545,41.41542922707153,38.67480719465874,29.522268466314273,31.875399747348066,33.53367183251867,56.86079670113449,85.85274302658773,20.355109445202128,0,47.884961442674204,10.325745215171562,31.00902616769504,76.18672893859674,15.121233675112169,42.026809423171166,51.767310459627545,15.324031541672069,31.10447288740883,39.105073011127914,68.24997869111368,33.24641849803839,74.42706907433056,83.26704793534978,53.280833857532976,39.59311029167169,40.48343487198417,37.22022266192089,30.715790173752726,30.712680298598258,32.29807278096632,43.688745132586305,
73,52.432183480034176,48.986040353440515,53.00472060939982,55.65043247603313,53.98447704534191,58.57829730071303,26.11418125441454,29.018196237624647,33.020604144341384,40.6204692561994,26.62285834514124,33.17094119331183,43.66461790522136,28.67416197805354,47.028690963773485,22.496444011954523,29.69719867622364,37.88548171106963,40.54353811578421,50.53425285239546,43.496367909124004,28.158678870699255,21.248871871639174,27.04017679950801,32.289466376546585,48.183226528781745,46.52260219428446,31.362905400435807,25.020304710707695,21.62687627698269,28.03991333346474,47.884961442674204,0,38.896433707608715,32.64465378763583,21.279312299208524,47.29317487828957,30.18930559812316,31.924402091277717,34.09849766888162,41.77935980357271,27.373327793240463,25.856464618928936,44.371708562598805,30.049798103439848,29.752486154419344,21.876538281648482,35.1220350002543,36.745986808626476,39.472208771781716,48.38748047037371,59.4530291865604,56.31739840768157,32.005648364371886,
74,15.67123953518859,28.90893322076324,29.12731729391274,30.580753330799094,25.181759320155034,32.94513713163959,48.75982339131353,41.76056657687924,36.92129261880569,31.525412926690628,57.00546364157337,32.58944416857239,22.171441535736786,37.94420427715548,24.750614465638893,55.451006672202176,40.68350597180621,25.143133573627868,24.44000157783825,24.06314423145019,21.304791044395166,49.09923020246808,54.79615938760715,33.958846387610386,32.20032497345323,27.837502449409804,29.19372244473294,26.913915142005973,49.115805429790534,63.23611014338754,10.23445705637856,10.325745215171562,38.896433707608715,0,24.605944877872226,59.78741036323236,16.265524892773,35.06143875343075,44.66273565758327,5.068197757310139,27.011571068721693,31.731367595767175,58.446512964127955,29.725993338437984,62.14469647653271,64.33804931121097,45.27586452532476,33.637846274085675,34.80362108962703,32.26868513201491,28.894832898332243,33.55776160809137,33.297591376110994,36.96256048973249,
81,34.98077624783666,17.67468831290664,24.102744197800643,29.091944087246503,27.53415961672476,34.38395912105926,37.67225420246774,30.452738373236446,27.629413829056954,18.51567786044384,56.09832513459793,44.06393334758254,41.357215846798056,51.101110926540294,44.260172298781995,53.00024448884513,53.37050035602614,45.185231132840386,38.766025044310624,40.15129174518473,44.17747728376905,56.32367293575564,42.749726613758256,37.04767625240963,37.02568667247956,33.18905271585628,38.853822917589675,37.54324923347,53.7514430271185,49.61620573458688,21.788636752650604,31.00902616769504,32.64465378763583,24.605944877872226,0,39.65321898184283,21.231493594040742,15.707214050797079,57.07366938543397,22.302986249121968,14.738025879839196,9.71565991289881,42.89870770864087,15.484847714802802,61.21251984444585,61.19116015265445,41.05570933170947,42.4623512481813,24.578421328724662,19.940732800037598,16.949358401393248,35.93017083149637,46.213194988192264,52.21013391484144,
80,79.51597521440047,62.7923221911795,74.52970467924848,79.00452403027322,78.19312107156202,82.33340215818131,23.055004871885302,28.335636209271133,35.54591038030345,45.606336883791776,33.86177130448664,44.665025272315134,61.579948606924496,43.94498111288308,66.79975171910071,32.643557741502725,44.95327248073285,57.09832139943535,59.79327174956445,79.27597365310643,66.02792514392766,40.87019842037039,31.523988292752513,44.45695531847124,50.08485397391398,68.18543554712002,66.39988084842423,50.35935138054885,37.95780281823339,17.362785784818115,44.752084262782375,76.18672893859674,21.279312299208524,59.78741036323236,39.65321898184283,0,71.64661822901019,31.743797920494128,45.61205847483501,51.308351440548506,51.59648161070962,31.239288116094897,17.693779682495585,51.58682286116456,37.03348778895779,34.49320531877234,36.480828452766445,44.91158550121489,40.40556020301666,44.05825878123058,61.13632245623158,83.26904997383849,85.32835189144751,48.241664651026916,
82,17.16563839994393,19.59951270601255,17.432194547581066,19.245356908290933,11.703156395073098,22.74617226931123,55.455927137558206,46.7751456163674,41.621260438745054,30.563860292629872,71.91023557583304,48.465818301976,37.41058440980501,56.06745481733864,39.77401623138392,69.2331636177039,58.500839589515564,46.31226085176623,32.842048079808876,26.89516242043119,41.17842172881881,65.38420832881337,61.42439017861427,40.13830567846874,37.04706172215341,24.67960569031556,30.637875919241615,36.82151260358982,64.11234483434721,78.79989315207833,22.33536552204352,15.121233675112169,47.29317487828957,16.265524892773,21.23149359404075,71.64661822901019,0,35.02922394991856,62.913858078462006,18.655030696965113,19.864372556705888,30.310490813239575,67.12409600018104,25.127830859854555,80.81297196921847,84.98632361634552,51.67339197963619,47.70752032340587,37.59894133597148,32.364425421816975,20.09512147765532,23.662667014868866,32.816044359933386,55.45789419771936,
83,45.975148267507016,26.92034060924594,36.89745310786055,43.02842127110608,42.21877119039235,49.08800971363766,26.654714485067327,17.751688042126506,17.005513396292066,13.880051825280779,50.39342336368557,41.85517354549,45.82556751925459,50.05907861324862,47.720136624846546,49.571259337612105,52.571654137370906,52.3223366887885,51.90112386420569,55.72648612504404,52.90397965956429,53.32732741201394,45.98774448549567,49.51297987147727,52.70930954042242,50.95482530723264,57.53191026001428,48.03957254559294,51.149102100560455,43.75369599589113,30.556281911009325,42.026809423171166,30.18930559812316,35.06143875343075,15.707214050797095,31.743797920494128,35.02922394991855,0,54.77544324981541,32.14848558124154,28.57010570286915,11.473291308217076,33.26778361622668,17.376900633221826,55.66752548715466,55.717506419946936,47.23738274363861,39.106981750823635,15.225167791880542,13.665218084407512,25.498239875024034,50.90160724830602,65.9674092261836,52.79839845457053,
86,55.62846403323248,73.30980302889718,81.50261479478459,87.30759267681799,78.7109412008831,93.65381374884895,40.01951702543774,45.549954200634986,47.74303847379231,58.12540737550077,21.8841849637225,31.32078041362951,37.42170079391077,8.805226471085724,40.747158710142465,19.21073925525619,8.498614885991117,32.740808293975306,47.87219851592184,57.83958736504843,36.717598546327814,8.957590885801105,48.39187370757853,49.86813910010713,58.652220198384704,73.6225015397669,68.71997322887066,40.283808587801836,13.549234845213611,41.31394706063333,39.44069562936124,51.767310459627545,31.924402091277717,44.66273565758327,57.07366938543399,45.61205847483499,62.913858078462,54.77544324981543,0,42.44358852886794,74.7478368846733,57.8414402232222,38.525310549503914,63.84713278951487,19.674201855961126,24.575274132128396,45.39412598102909,35.89979853928753,52.41994487739148,56.50960305511786,71.98549390475148,95.3213889557283,77.0692439613471,12.239633234571166,
90,20.61811760904354,29.297600752454898,30.422041797667895,32.28070294900497,27.55447497535784,34.94660884760062,44.80517723284958,38.63009568991236,34.538898137747296,30.347596090057685,50.62644755732488,31.093578933364046,23.43077565313103,35.690332122529334,26.476536394881947,48.466021832749725,38.34000817027924,24.623947205370296,23.5728676331559,25.7534437500366,22.349990589996022,45.88952601837004,47.279772888922864,30.51228608523718,29.482568431860376,28.055343247671164,28.887672748129642,24.465052677472396,45.21638527059082,54.931446413523624,5.237342903872151,15.324031541672069,34.09849766888162,5.068197757310139,22.302986249121968,51.308351440548506,18.65503069696511,32.14848558124154,42.44358852886794,0,25.946815733619697,28.46571993332116,50.95595345594158,29.162206787432286,54.95324945949271,56.918942463185914,40.92770040285294,32.24248472237759,33.009178048202095,30.917276754477733,29.15721687827898,35.665736203751216,34.69130093424777,35.15554028252806,
91,34.23415610504724,14.445967146343131,13.751183070321577,17.200481324410053,19.49635157564871,21.833782761059954,54.966901927442784,46.48748802652746,43.95427316357414,30.853481455914565,74.22380160555112,62.503252894217184,54.19014648737721,66.91382070376062,58.75590772088653,66.85881658570112,68.62575378632481,60.93113335306912,37.457800352797406,35.38409999773291,57.06465077199813,72.73645696168796,48.007062187323136,35.154714026703694,31.19099284882653,21.485381325812533,28.55866731835115,38.73374912311569,68.48908511812975,58.96716639958791,26.2044891626438,31.10447288740883,41.77935980357271,27.011571068721693,14.738025879839208,51.59648161070961,19.864372556705888,28.570105702869196,74.74783688467332,25.946815733619697,0,19.42384055517802,59.46695220806785,23.277814634076428,79.04177258623963,77.05874132435038,44.30836275663978,61.19867830514266,39.7246975633054,33.20696365365592,15.2901404608577,23.348712566780126,34.315888170802005,67.19682045323093,
92,43.242261714883355,23.844234486881135,30.697554322950264,35.54360627536321,35.498546003722176,40.60551332301787,33.146917419815246,26.90055122726075,27.10129081596069,21.299813545456708,53.9667381546731,47.28722077216136,47.514563107088804,52.45732746782277,50.78302308815341,49.94003695240032,54.28468671909088,49.269435615323815,42.978672198915355,46.42360796244463,49.54444130688138,55.406562760699146,36.90293641373647,36.860956776884684,38.06088467359562,38.08883715804975,42.95854538874643,39.95711662929218,52.108534016082764,42.234781463975935,26.341835497843874,39.105073011127914,27.373327793240463,31.731367595767175,9.71565991289881,31.239288116094897,30.310490813239582,11.473291308217062,57.8414402232222,28.46571993332116,19.423840555178042,0,37.41650706564188,20.19575073846688,58.82340922106936,57.792212416168994,37.045414105606454,45.61296677365029,25.397598037477632,22.152467595883337,23.045189079969813,42.15351945223536,51.49598727083135,54.31431292987739,
312,71.83102544330718,65.67599342327767,74.86755532218798,79.60598724369507,76.04096255532716,84.55524150167068,10.188432363571385,20.902179756348133,28.45889079355701,43.7548017819942,24.119213251658426,31.97874812152829,54.90843381439406,37.152929315521845,58.00371895443487,32.08268754592314,40.25202924900402,59.71170140667696,70.08945641541811,82.50526595712527,67.62677905214485,35.9085867981288,48.060202797218366,62.77231367544351,70.15792462367705,80.40559302215637,83.27007931465253,60.34865273758996,35.462740936026115,27.04946133771115,45.482849216179204,68.24997869111368,25.856464618928936,58.446512964127955,42.8987077086409,17.6937796824956,67.12409600018104,33.26778361622669,38.52531054950389,50.95595345594158,59.46695220806787,37.41650706564191,0,52.20647801073845,30.04969921992404,30.709012424551872,53.401003799532404,31.913296431434016,35.480889064378026,41.40547260375599,63.936381489691264,85.96225997873374,96.64173384344316,43.6327414106098,
395,36.08080653076985,13.48991813388157,25.251566859292733,32.16055286780208,31.458840686799338,38.74326665486614,44.092298686550244,31.96448341811738,25.739864179480055,9.118168537809373,65.27318672299613,47.710876712888634,44.74637439508364,57.579988494072396,46.35087442750745,63.733542788847714,60.452429563105966,52.820121143123316,50.40613539469247,50.27739272664702,50.75055788413983,64.93373733900773,59.63832158434208,53.66046984083901,54.64995292407355,46.3741930468136,54.693031666246135,49.546783497919634,63.3048911268067,61.376550471222565,30.30253349037734,33.24641849803839,44.371708562598805,29.725993338437984,15.48484771480281,51.586822861164556,25.127830859854562,17.376900633221826,63.847132789514895,29.162206787432286,23.27781463407646,20.195750738466867,52.20647801073847,0,70.50461734106592,71.05141868532634,57.49377147170304,44.673129805597405,19.286502199374915,11.845631951077392,11.698312595126872,40.68721695686721,60.59716272719038,58.837676513118986,
404,77.72106114937412,83.62162597868158,94.35265714518827,99.48003365870707,93.28684196512184,104.66434838600142,35.72385311862173,44.44271843715692,49.31899616727295,62.80270876919473,9.587110675509484,36.85431315299516,54.72869666265095,21.824287553078833,60.15357079270863,13.573909804813175,23.57657173808804,50.21446764001311,60.19327871753801,78.43899308298015,59.511693817677866,15.059560049523737,43.30078178626722,52.30065142916685,60.85276317007451,98.48065909640452,76.4049057810981,49.35296966995961,16.46862301977616,29.37607298895297,48.65031846038467,74.42706907433056,30.049798103439848,62.14469647653271,61.21251984444585,37.0334877889578,80.81297196921845,55.667525487154684,19.674201855961087,54.95324945949271,79.04177258623965,58.82340922106936,30.04969921992404,70.50461734106598,0,7.528301906830724,43.82655227280102,40.97559187817935,55.360245795755404,60.68624010769933,81.78487309719823,106.04750416825746,90.838397490174,29.111372240448954,
518,87.01094792911006,83.17196240392201,95.83811170615502,102.62867766651549,98.60330037835068,107.63156310879255,37.51752913253296,46.09235929515907,51.47752467240744,64.0312540974169,14.2703630047784,42.10376652764331,58.187306315038064,26.062528505243396,64.25069507984105,11.435644249907828,26.43039751557247,51.13205909004034,61.26299703376312,83.30284057257981,61.133476702952876,17.809689732712595,41.5301417387482,52.00164271265289,60.931786268900346,83.58300262297726,77.23606696324858,50.446589738229044,16.970933558140615,25.282300985122788,50.578248457062365,83.26704793534978,29.752486154419344,64.33804931121097,61.19116015265445,34.49320531877233,84.98632361634552,55.71750641994693,24.575274132128403,56.918942463185914,77.05874132435035,57.79221241616899,30.70901242455183,71.05141868532634,7.528301906830738,0,42.61816359269491,46.00224811172277,57.21684144915944,62.098459124267436,81.42756757801021,108.80750003099685,96.09167292143042,32.029186449395624,
613,57.43361484435288,56.04014749556408,56.02441217859397,56.972442998144324,55.12656426969543,58.77471675977849,56.99977465205622,57.57295186736419,61.21100937174371,58.94961339568033,41.69230746881871,69.29924846512293,53.81631772315032,42.76631486053152,57.91871020336247,36.12930852267408,43.397656399595654,46.862605990143955,35.56443668472307,45.92692714679151,51.021765638478385,42.2851994178171,8.898602684251724,13.436695153340487,22.33468140368685,44.584669424503026,40.83379729065232,26.058089338029408,39.13273401371446,30.426980551907107,35.11034281359467,53.280833857532976,21.876538281648482,45.27586452532476,41.05570933170948,36.48082845276643,51.67339197963619,47.23738274363861,45.39412598102909,40.92770040285294,44.308362756639774,37.04541410560645,53.40100379953241,57.493771471703035,43.82655227280102,42.61816359269491,0,72.25235085212651,61.58027968070969,59.52200866834897,56.14662837711565,59.33239772959965,51.79151171260712,45.09102308286307,
991,43.21881924816992,56.654892043139284,66.20448180156416,72.67791126279893,63.79833019946254,79.62841706946082,26.03412953306738,27.07408536256557,25.090523683090318,37.02806173361243,33.710475895482865,6.965772080596187,25.84515387920129,32.37224821126284,22.95124015543735,44.4446876834883,38.81416743116856,55.19645568388373,65.049559581362,76.17274060057463,55.1749106551454,40.04817035287172,69.28033225523859,78.56864594379022,86.05892838389906,82.5694663844051,91.37289301166771,61.76548988200302,42.65120954660586,49.55120872898737,32.86522740563186,39.59311029167169,35.1220350002543,33.637846274085675,42.4623512481813,44.91158550121487,47.707520323405895,39.10698175082359,35.89979853928752,32.24248472237759,61.19867830514266,45.612966773650314,31.913296431434006,44.673129805597455,40.975591878179365,46.00224811172274,72.25235085212651,0,29.730762234827264,34.89761223507386,55.045648199414394,81.44654381545092,101.3573085967857,38.63620232963646,
992,43.99051381257942,32.80571273669308,44.44464433639169,51.58773642593107,48.19941575201533,58.69538895234764,26.350224941742027,15.556003544568686,7.54993242774172,10.176275992822612,49.39570078736689,34.10408266233894,40.506590475541785,47.94708277218884,40.29521961843939,52.46077870320928,51.62877004298936,54.559977236337865,60.84130182267196,64.36728985189127,54.49490295612081,53.122072669505656,60.2074062008092,64.91530020031901,70.02531210694617,64.99585726248657,74.02335714146975,56.66416493310237,52.561871039432525,50.88558856795613,33.02869763859313,40.48343487198417,36.745986808626476,34.80362108962703,24.57842132872466,40.40556020301666,37.59894133597148,15.225167791880589,52.419944877391515,33.009178048202095,39.72469756330536,25.397598037477618,35.48088906437801,19.286502199374894,55.360245795755404,57.216841449159446,61.5802796807097,29.73076223482724,0,7.450628534597781,31.004300556706745,60.74370828021964,82.69389289360451,51.24336637840248,
993,40.51718835311605,25.360505359287316,37.04845057035243,44.116260660467724,41.63627363977492,51.03950636162034,32.963067591452024,21.834814662658406,14.415300881926964,2.727837111331879,54.9900133652089,38.74689423423167,41.2601190448743,51.24802287708634,41.64798918762438,56.246308968581374,54.66035191277824,53.31035060553422,56.443263904140984,58.67821425767256,52.481970081715644,57.276729533069854,59.22558146053246,60.28969058444986,63.92345461082023,57.83065925149834,66.53821408461913,53.515435795392676,56.24296875228126,54.60394695429277,31.38937499873987,37.22022266192089,39.472208771781716,32.26868513201491,19.94073280003758,44.05825878123058,32.36442542181699,13.665218084407536,56.50960305511787,30.917276754477733,33.20696365365591,22.152467595883362,41.40547260375601,11.84563195107743,60.68624010769933,62.098459124267436,59.522008668348974,34.897612235073794,7.450628534597788,0,23.561691795259463,53.05102212765774,74.19329974168629,53.66162898703497,
994,32.91512865479766,1.7864159875687307,13.669967646255667,20.39705993798323,22.04682126882408,26.632431459681154,53.7802442736223,42.20025821192204,37.03863694147318,20.830811386085966,76.18361899770863,57.39929796531479,50.05168839863578,64.83324659663161,52.9186961071358,72.17200524531498,67.18683941661239,54.00630389644624,45.9415734834604,43.150938599034866,50.73148237550733,72.37825641609628,62.33066534481676,48.72897101549435,46.9350265149113,35.55369889167647,43.854342195403255,47.12113817204849,70.00867515910936,69.37429837832128,30.871943701830276,30.715790173752726,48.38748047037371,28.894832898332243,16.949358401393248,61.136322456231575,20.095121477655322,25.498239875024023,71.98549390475148,29.15721687827898,15.290140460857737,23.045189079969813,63.936381489691264,11.698312595126826,81.78487309719819,81.42756757801018,56.14662837711567,55.045648199414416,31.004300556706696,23.56169179525946,0,28.514728233980495,47.80826807884082,65.23837732319483,
995,30.530308217062544,26.671872427383185,14.40339049355357,7.807938356952474,13.328602574209269,1.8345115326678545,77.73363601723022,69.13614058108473,65.90317015928677,50.21319479490033,97.88129217268792,82.10579576988704,66.68601303407374,85.50661388906383,72.1764248255098,88.30877111163942,87.16996883848215,71.57185385279003,42.80331525272982,33.13300933195791,65.13153158718362,92.5387308210759,68.27592952234303,46.75083540574442,39.86677144461621,19.5072485993831,27.6729882992103,48.24992707601665,87.40245656322688,99.19243770269745,38.42581335029961,30.712680298598258,59.4530291865604,33.55776160809137,35.93017083149636,83.26904997383849,23.66266701486887,50.90160724830599,95.3213889557283,35.665736203751216,23.348712566780147,42.15351945223534,85.96225997873374,40.68721695686723,106.04750416825746,108.80750003099688,59.33239772959965,81.44654381545088,60.743708280219685,53.05102212765768,28.51472823398047,0,23.704826469689362,84.93793898663512,
996,33.07211295873459,45.95743027337814,34.01894754300773,28.523931670938566,27.09454448587507,24.789757054361772,92.91469516687668,87.37937042714061,86.90847256827702,71.05037516393071,106.95547690852943,98.73993202257111,77.28649777209442,70.3157957259624,86.47658942746538,81.27042388027157,74.51944176632963,63.5792018307981,33.53400635104976,24.172118624926497,58.59315141128285,79.33345426817168,62.7947375964334,36.611550187211805,28.208634849175372,13.955375990249928,12.694683339087169,40.17314806618892,78.22455307482471,87.04434609434637,36.527049254604776,32.29807278096632,56.31739840768157,33.297591376110994,46.213194988192235,85.3283518914475,32.816044359933386,65.96740922618359,77.0692439613471,34.69130093424777,34.31588817080201,51.49598727083136,96.64173384344312,60.59716272719037,90.838397490174,96.09167292143042,51.79151171260712,101.35730859678569,82.69389289360456,74.1932997416863,47.80826807884075,23.70482646968937,0,72.57941033835222,
997,47.524926474024426,66.31375064205741,73.04366593465393,78.00222198855056,70.14527590865254,83.48882136123153,43.98706557304962,47.30877977830904,48.19208314684351,54.72038609442854,30.761779578763136,34.31959059904791,32.43247271673744,10.908929652493223,37.28826584907854,23.237544459561832,5.919835567345782,20.004718738350313,40.68481381780952,50.34677018450809,24.84203283547939,14.842491119014538,49.83915360416035,47.43213201297118,56.34754157066459,70.48040793925912,64.88771796454678,34.87003892010464,16.27453886564555,44.93219464353551,33.155692059638994,43.688745132586305,32.005648364371886,36.96256048973249,52.21013391484145,48.24166465102692,55.45789419771938,52.79839845457055,12.23963323457116,35.15554028252806,67.19682045323093,54.31431292987737,43.6327414106098,58.83767651311897,29.111372240448933,32.02918644939561,45.09102308286307,38.63620232963648,51.24336637840248,53.66162898703495,65.23837732319483,84.93793898663512,72.57941033835222,0,
